{
  "date_updated": "2025-01-01",
  "prices": {
    "mc_ti_50": 7000,
    "mc_ti_30": 6000,
    "mc_cocr": 8500,
    "zr_jp": 15000,
    "zr_de": 18000,

    "rem_part_op1": 28000,
    "rem_part_op2": 32000,
    "rem_part_op3": 45000,

    "rem_full_op1": 35000,
    "rem_full_op2": 53000,

    "t_red_dot": 0,
    "t_red_q": 2800,
    "t_red_oval": 0,
    "t_green_q": 5000,
    "t_green_dot": 0,
    "t_fill": 2800,
    "t_build": 2800,
    "t_post": 2500,

    "t_implant": 55000,
    "impl_crown_cocr": 14000,
    "impl_crown_zr": 23000,
    "impl_bridge_cocr": 10000,
    "impl_bridge_zr": 18000,
    "t_abutment": 6000
  },
  "materials": {
    "mc": [
      { "admin_key": "ti50", "label": "Ti≤50%", "price": 7000, "default": true },
      { "admin_key": "ti30_jp", "label": "Ti≤30% + JP", "price": 6000, "default": false },
      { "admin_key": "cocr", "label": "CoCr", "price": 8500, "default": true },
      { "admin_key": "cast_crown", "label": "Литая коронка", "price": 4200, "default": false },
      { "admin_key": "ni_cr_korean", "label": "Никель-Хром корейская керамика", "price": 5000, "default": false }
    ],
    "zr": [
      { "admin_key": "zr_jp", "label": "Zr + JP", "price": 15000, "default": true },
      { "admin_key": "zr_vita", "label": "Zr + Vita", "price": 18000, "default": false },
      { "admin_key": "zr_solid", "label": "Цельный диоксид циркония", "price": 25000, "default": false }
    ],
    "prosthesis": [
      { "admin_key": "acri_full", "label": "Акри полный", "price": 35000 },
      { "admin_key": "acri_part", "label": "Акри частичный", "price": 28000 },
      { "admin_key": "acri_mesh", "label": "Акри сетка", "price": 32000 },
      { "admin_key": "metal_full", "label": "Мет полный", "price": 53000 },
      { "admin_key": "metal_part", "label": "Мет частичный", "price": 45000 }
    ],
    "prosthesis_micro": { "label": "Протез на микрозамках", "price": 55000 },
    "implants": [
      { "admin_key": "osstem", "label": "OSSTEM", "price": 55000 }
    ],
    "impl_crowns": [
      { "admin_key": "impl_crown_cocr", "label": "CoCr", "price": 14000 },
      { "admin_key": "impl_crown_zr", "label": "Zr", "price": 23000 }
    ],
    "impl_bridges": [
      { "admin_key": "impl_bridge_cocr", "label": "CoCr", "price": 10000 },
      { "admin_key": "impl_bridge_zr", "label": "Zr", "price": 18000 }
    ],
    "abutment": { "label": "Абатмент", "price": 6000 }
  },
  "texts": {
    "blue_x": "Синий Х — это мост ...",
    "...": "..."
  },
  "clinic": {
    "advertiser": "",
    "ogrn": "",
    "license": "231100100033222 от 29.06.10",
    "addr_heihe": "Хэйхэ, ул. Культуры, 59/1",
    "addr_suif": "Суйфэньхэ, ул. Спортивная, 28",
    "phone1": "8(800)700-11-82",
    "phone2": "8(914)158-58-54",
    "email": "chinazub@mail.ru",
    "site": "https://chinazub.ru",
    "logo": "",
    "disclaimer": "Имеются противопоказания, необходима консультация специалиста. Медуслуги оказывают клиники‑партнёры в КНР."
  },
  "material_labels": {
    "mc_ti": "Ti≤50%",
    "mc_ti_30": "Ti≤30% + JP",
    "mc_cocr": "CoCr",
    "zr_jp": "Zr + JP",
    "zr_de": "Zr + Vita"
  },
  "impl": {
    "brand_label": "OSSTEM",
    "crown_labels": { "cocr": "CoCr", "zr": "Zr" },
    "abutment": { "label": "Абатмент" }
  },
  "test_mode": false,
  "pdf_template_html": ""
}